kaomoji,subcategory,category
(* ^ Ï‰ ^),Joy,Positive Emotions
(Â´ âˆ€ ` *),Joy,Positive Emotions
Ù©(â—•â€¿â—•ï½¡)Û¶,Joy,Positive Emotions
â˜†*:.ï½¡.o(â‰§â–½â‰¦)o.ï½¡.:*â˜†,Joy,Positive Emotions
(o^â–½^o),Joy,Positive Emotions
(âŒ’â–½âŒ’)â˜†,Joy,Positive Emotions
<(ï¿£ï¸¶ï¿£)>,Joy,Positive Emotions
ã€‚.:â˜†*:ï½¥'(*âŒ’â€•âŒ’*))),Joy,Positive Emotions
ãƒ½(ãƒ»âˆ€ãƒ»)ï¾‰,Joy,Positive Emotions
(Â´ï½¡â€¢ Ï‰ â€¢ï½¡`),Joy,Positive Emotions
(ï¿£Ï‰ï¿£),Joy,Positive Emotions
ï½€;:ã‚›;ï½€;ï½¥(Â°ÎµÂ° ),Joy,Positive Emotions
(oï½¥Ï‰ï½¥o),Joy,Positive Emotions
(ï¼ ï¼¾â—¡ï¼¾),Joy,Positive Emotions
ãƒ½(*ãƒ»Ï‰ãƒ»)ï¾‰,Joy,Positive Emotions
(o_ _)ï¾‰å½¡â˜†,Joy,Positive Emotions
(^äºº^),Joy,Positive Emotions
(oÂ´â–½`o),Joy,Positive Emotions
(*Â´â–½`*),Joy,Positive Emotions
ï½¡ï¾Ÿ( ï¾Ÿ^âˆ€^ï¾Ÿ)ï¾Ÿï½¡,Joy,Positive Emotions
( Â´ Ï‰ ` ),Joy,Positive Emotions
(((o(*Â°â–½Â°*)o))),Joy,Positive Emotions
(â‰§â—¡â‰¦),Joy,Positive Emotions
(oÂ´âˆ€`o),Joy,Positive Emotions
(Â´â€¢ Ï‰ â€¢`),Joy,Positive Emotions
(ï¼¾â–½ï¼¾),Joy,Positive Emotions
(âŒ’Ï‰âŒ’),Joy,Positive Emotions
âˆ‘d(Â°âˆ€Â°d),Joy,Positive Emotions
â•°(â–”âˆ€â–”)â•¯,Joy,Positive Emotions
(â”€â€¿â€¿â”€),Joy,Positive Emotions
(*^â€¿^*),Joy,Positive Emotions
ãƒ½(o^ ^o)ï¾‰,Joy,Positive Emotions
(âœ¯â—¡âœ¯),Joy,Positive Emotions
(â—•â€¿â—•),Joy,Positive Emotions
(*â‰§Ï‰â‰¦*),Joy,Positive Emotions
(â˜†â–½â˜†),Joy,Positive Emotions
(âŒ’â€¿âŒ’),Joy,Positive Emotions
ï¼¼(â‰§â–½â‰¦)ï¼,Joy,Positive Emotions
ãƒ½(oï¼¾â–½ï¼¾o)ãƒ,Joy,Positive Emotions
â˜† ï½('â–½^äºº),Joy,Positive Emotions
(*Â°â–½Â°*),Joy,Positive Emotions
Ù©(ï½¡â€¢Ìâ€¿â€¢Ì€ï½¡)Û¶,Joy,Positive Emotions
(âœ§Ï‰âœ§),Joy,Positive Emotions
ãƒ½(*âŒ’â–½âŒ’*)ï¾‰,Joy,Positive Emotions
(Â´ï½¡â€¢ áµ• â€¢ï½¡`),Joy,Positive Emotions
( Â´ â–½ ` ),Joy,Positive Emotions
(ï¿£â–½ï¿£),Joy,Positive Emotions
â•°(*Â´ï¸¶`*)â•¯,Joy,Positive Emotions
ãƒ½(>âˆ€<â˜†)ãƒ,Joy,Positive Emotions
o(â‰§â–½â‰¦)o,Joy,Positive Emotions
(â˜†Ï‰â˜†),Joy,Positive Emotions
(ã£Ë˜Ï‰Ë˜Ï‚ ),Joy,Positive Emotions
ï¼¼(ï¿£â–½ï¿£)ï¼,Joy,Positive Emotions
(*Â¯ï¸¶Â¯*),Joy,Positive Emotions
ï¼¼(ï¼¾â–½ï¼¾)ï¼,Joy,Positive Emotions
Ù©(â—•â€¿â—•)Û¶,Joy,Positive Emotions
(oË˜â—¡Ë˜o),Joy,Positive Emotions
\(â˜…Ï‰â˜…)/,Joy,Positive Emotions
\(^ãƒ®^)/,Joy,Positive Emotions
(ã€ƒï¼¾â–½ï¼¾ã€ƒ),Joy,Positive Emotions
(â•¯âœ§â–½âœ§)â•¯,Joy,Positive Emotions
o(>Ï‰<)o,Joy,Positive Emotions
o( â›á´—â› )o,Joy,Positive Emotions
ï½¡ï¾Ÿ(Tãƒ®T)ï¾Ÿï½¡,Joy,Positive Emotions
( â€¾Ì â—¡ â€¾Ì ),Joy,Positive Emotions
(ï¾‰Â´ãƒ®`)ï¾‰*: ï½¥ï¾Ÿ,Joy,Positive Emotions
(b áµ”â–½áµ”)b,Joy,Positive Emotions
(à¹‘Ëƒá´—Ë‚)ï»­,Joy,Positive Emotions
(à¹‘Ë˜ï¸¶Ë˜à¹‘),Joy,Positive Emotions
( Ë™ê’³â€‹Ë™ ),Joy,Positive Emotions
(*ê’¦àº´ê’³ê’¦àºµ),Joy,Positive Emotions
Â°Ë–âœ§â—(â°â–¿â°)â—œâœ§Ë–Â°,Joy,Positive Emotions
(Â´ï½¥á´—ï½¥ ` ),Joy,Positive Emotions
(ï¾‰â—•ãƒ®â—•)ï¾‰*:ï½¥ï¾Ÿâœ§,Joy,Positive Emotions
(â€â€¢ ÖŠ â€¢â€),Joy,Positive Emotions
(.â› á´— â›.),Joy,Positive Emotions
(â€á—¢â€),Joy,Positive Emotions
(ï¿¢â€¿ï¿¢ ),Joy,Positive Emotions
(Â¬â€¿Â¬ ),Joy,Positive Emotions
(*ï¿£â–½ï¿£)b,Joy,Positive Emotions
( Ë™â–¿Ë™ ),Joy,Positive Emotions
(Â¯â–¿Â¯),Joy,Positive Emotions
( â—•â–¿â—• ),Joy,Positive Emotions
ï¼¼(Ù¥â€â–½â€ )ï¼,Joy,Positive Emotions
(â€â€¢ á´— â€¢â€),Joy,Positive Emotions
(áµ”â—¡áµ”),Joy,Positive Emotions
( Â´ â–¿ ` ),Joy,Positive Emotions
(à¹‘>â—¡<à¹‘),Joy,Positive Emotions
( = â©Š = ),Joy,Positive Emotions
( Â´ ê’³ ` ),Joy,Positive Emotions
â¸œ( Â´ ê’³ ` )â¸,Joy,Positive Emotions
â¸œ(â¸â¸â¸Â´ê’³`â¸â¸â¸)â¸,Joy,Positive Emotions
â¸œ(*ËŠá—œË‹*)â¸,Joy,Positive Emotions
â¸œ( *ËŠáµ•Ë‹* )â¸,Joy,Positive Emotions
(>â©Š<),Joy,Positive Emotions
(á—’â©Šá—•),Joy,Positive Emotions
(áµ”â©Šáµ”),Joy,Positive Emotions
( áµ” â©Š áµ” ),Joy,Positive Emotions
(â€¢â©Šâ€¢),Joy,Positive Emotions
( â€¢ â©Š â€¢ ),Joy,Positive Emotions
(ï¾‰Â´ Ğ· `)ãƒ,Love,Positive Emotions
(â™¡Î¼_Î¼),Love,Positive Emotions
(*^^*)â™¡,Love,Positive Emotions
â˜†âŒ’ãƒ½(*'ï½¤^*)chu,Love,Positive Emotions
(â™¡-_-â™¡),Love,Positive Emotions
(ï¿£Îµï¿£ï¼ ),Love,Positive Emotions
ãƒ½(â™¡â€¿â™¡)ãƒ,Love,Positive Emotions
( Â´ âˆ€ `)ãƒï½ â™¡,Love,Positive Emotions
(â”€â€¿â€¿â”€)â™¡,Love,Positive Emotions
(Â´ï½¡â€¢ áµ• â€¢ï½¡`) â™¡,Love,Positive Emotions
(*â™¡âˆ€â™¡),Love,Positive Emotions
(ï½¡ãƒ»//Îµ//ãƒ»ï½¡),Love,Positive Emotions
(Â´ Ï‰ `â™¡),Love,Positive Emotions
â™¡( â—¡â€¿â—¡ ),Love,Positive Emotions
(â—•â€¿â—•)â™¡,Love,Positive Emotions
(/â–½ï¼¼*)ï½¡oâ—‹â™¡,Love,Positive Emotions
(áƒ¦Ë˜âŒ£Ë˜áƒ¦),Love,Positive Emotions
(â™¡Â°â–½Â°â™¡),Love,Positive Emotions
â™¡(ï½¡- Ï‰ -),Love,Positive Emotions
â™¡ ï½('â–½^äºº),Love,Positive Emotions
(Â´â€¢ Ï‰ â€¢`) â™¡,Love,Positive Emotions
(Â´ Îµ ` )â™¡,Love,Positive Emotions
(Â´ï½¡â€¢ Ï‰ â€¢ï½¡`) â™¡,Love,Positive Emotions
( Â´ â–½ ` ).ï½¡ï½â™¡,Love,Positive Emotions
â•°(*Â´ï¸¶`*)â•¯â™¡,Love,Positive Emotions
(*Ë˜ï¸¶Ë˜*).ï½¡.:*â™¡,Love,Positive Emotions
(â™¡Ë™ï¸¶Ë™â™¡),Love,Positive Emotions
â™¡ï¼¼(ï¿£â–½ï¿£)ï¼â™¡,Love,Positive Emotions
(â‰§â—¡â‰¦) â™¡,Love,Positive Emotions
(âŒ’â–½âŒ’)â™¡,Love,Positive Emotions
(*Â¯ Â³Â¯*)â™¡,Love,Positive Emotions
(ã£Ë˜Ğ·(Ë˜âŒ£Ë˜ ) â™¡,Love,Positive Emotions
â™¡ (Ë˜â–½Ë˜>Ô…( Ë˜âŒ£Ë˜),Love,Positive Emotions
( Ë˜âŒ£Ë˜)â™¡(Ë˜âŒ£Ë˜ ),Love,Positive Emotions
(/^-^(^ ^*)/ â™¡,Love,Positive Emotions
Ù©(â™¡Îµâ™¡)Û¶,Love,Positive Emotions
Ïƒ(â‰§Îµâ‰¦Ïƒ) â™¡,Love,Positive Emotions
â™¡ (â‡€ 3 â†¼),Love,Positive Emotions
â™¡ (ï¿£Ğ—ï¿£),Love,Positive Emotions
(â¤Ï‰â¤),Love,Positive Emotions
(Ë˜âˆ€Ë˜)/(Î¼â€¿Î¼) â¤,Love,Positive Emotions
â¤ (É”Ë†Ğ·(Ë†âŒ£Ë†c),Love,Positive Emotions
(Â´â™¡â€¿â™¡`),Love,Positive Emotions
(Â°â—¡Â°â™¡),Love,Positive Emotions
Î£>â€•(ã€ƒÂ°Ï‰Â°ã€ƒ)â™¡â†’,Love,Positive Emotions
"(Â´,,â€¢Ï‰â€¢,,)â™¡",Love,Positive Emotions
(Â´ê’³`)â™¡,Love,Positive Emotions
â™¡(>á´—â€¢),Love,Positive Emotions
(â¤â©Šâ¤)[=_=](â˜†Îµâ˜†),Love,Positive Emotions
( Â´ ê’³ ` ) â™¡,Love,Positive Emotions
(Ë˜Ë˜ â™¡),Love,Positive Emotions
(Â´ Ë˜ `).ï½¡oO (â™¡),Love,Positive Emotions
(âŒ’_âŒ’;),Embarrassment,Positive Emotions
(o^ ^o),Embarrassment,Positive Emotions
(*/Ï‰ï¼¼),Embarrassment,Positive Emotions
(*/ã€‚ï¼¼),Embarrassment,Positive Emotions
(*/_ï¼¼),Embarrassment,Positive Emotions
(*ï¾‰Ï‰ï¾‰),Embarrassment,Positive Emotions
(o-_-o),Embarrassment,Positive Emotions
(*Î¼_Î¼),Embarrassment,Positive Emotions
( â—¡â€¿â—¡ *),Embarrassment,Positive Emotions
(áµ”.áµ”),Embarrassment,Positive Emotions
(*ï¾‰âˆ€`*),Embarrassment,Positive Emotions
(//â–½//),Embarrassment,Positive Emotions
(//Ï‰//),Embarrassment,Positive Emotions
(ãƒ*Â°â–½Â°*),Embarrassment,Positive Emotions
(*^.^*),Embarrassment,Positive Emotions
(*ï¾‰â–½ï¾‰),Embarrassment,Positive Emotions
(ï¿£â–½ï¿£*)ã‚,Embarrassment,Positive Emotions
(â„ â„â€¢â„Ï‰â„â€¢â„ â„),Embarrassment,Positive Emotions
(*/â–½ï¼¼*),Embarrassment,Positive Emotions
(â„ â„>â„ â–½ â„<â„ â„),Embarrassment,Positive Emotions
(â€à²¡Ï‰à²¡â€),Embarrassment,Positive Emotions
(à¸‡ à¸·â–¿ à¸·)à¸§,Embarrassment,Positive Emotions
( ã€ƒâ–½ã€ƒ),Embarrassment,Positive Emotions
(/â–¿ï¼¼ ),Embarrassment,Positive Emotions
(///ï¿£ ï¿£///),Embarrassment,Positive Emotions
(ãƒ_<ã€‚)ãƒ¾(Â´ â–½ ` ),Sympathy,Positive Emotions
ï½¡ï½¥ï¾Ÿï½¥(ï¾‰Ğ”`)ãƒ½(ï¿£Ï‰ï¿£ ),Sympathy,Positive Emotions
Ï(- Ï‰ -ã€)ãƒ¾(ï¿£Ï‰ï¿£; ),Sympathy,Positive Emotions
ãƒ½(ï¿£Ï‰ï¿£(ã€‚ã€‚ )ã‚,Sympathy,Positive Emotions
(*Â´ I `)ï¾‰ï¾Ÿ(ï¾‰Ğ”ï½€ï¾Ÿ)ï¾Ÿï½¡,Sympathy,Positive Emotions
ãƒ½(~_~(ãƒ»_ãƒ» )ã‚,Sympathy,Positive Emotions
(ï¾‰_ï¼›)ãƒ¾(Â´ âˆ€ ` ),Sympathy,Positive Emotions
(; Ï‰ ; )ãƒ¾(Â´âˆ€`* ),Sympathy,Positive Emotions
(*Â´ãƒ¼)ï¾‰(ãƒĞ´`),Sympathy,Positive Emotions
(Â´-Ï‰-`( _ _ ),Sympathy,Positive Emotions
(ã£Â´Ï‰`)ï¾‰(â•¥Ï‰â•¥),Sympathy,Positive Emotions
(ï½ãƒ»_ãƒ»)ãƒâ€(ãƒ_<ã€),Sympathy,Positive Emotions
(ï¼ƒï¼ï¼œ),Dissatisfaction,Negative Emotions
(ï¼›âŒ£Ì€_âŒ£Ì),Dissatisfaction,Negative Emotions
â˜†ï½(ï¼ï¼œï¼›)â—‹,Dissatisfaction,Negative Emotions
(ï¿£ ï¿£|||),Dissatisfaction,Negative Emotions
(ï¼›ï¿£Ğ”ï¿£),Dissatisfaction,Negative Emotions
(ï¿£â–¡ï¿£ã€),Dissatisfaction,Negative Emotions
(ï¼ƒï¿£0ï¿£),Dissatisfaction,Negative Emotions
(ï¼ƒï¿£Ï‰ï¿£),Dissatisfaction,Negative Emotions
(ï¿¢_ï¿¢;),Dissatisfaction,Negative Emotions
(ï¼ï½ï¼œ),Dissatisfaction,Negative Emotions
(ã€Â°ãƒ­Â°)ã€,Dissatisfaction,Negative Emotions
(ã€ƒï¼ï¼¿ï¼œ;ã€ƒ),Dissatisfaction,Negative Emotions
(ï¼¾ï¼¾ï¼ƒ),Dissatisfaction,Negative Emotions
(ï¸¶ï¸¹ï¸º),Dissatisfaction,Negative Emotions
(ï¿£ãƒ˜ï¿£),Dissatisfaction,Negative Emotions
<(ï¿£ ï¹Œ ï¿£)>,Dissatisfaction,Negative Emotions
(ï¿£ï¸¿ï¿£),Dissatisfaction,Negative Emotions
(ï¼ï¹ï¼œ),Dissatisfaction,Negative Emotions
(--_--),Dissatisfaction,Negative Emotions
å‡¸(ï¿£ãƒ˜ï¿£),Dissatisfaction,Negative Emotions
ãƒ¾( ï¿£Oï¿£)ãƒ„,Dissatisfaction,Negative Emotions
(â‡€â€¸â†¼â€¶),Dissatisfaction,Negative Emotions
o(>< )o,Dissatisfaction,Negative Emotions
(ã€ï¼ï¼œ)ã€,Dissatisfaction,Negative Emotions
(á—’á—£á—•)Õ,Dissatisfaction,Negative Emotions
(ëˆˆ_ëˆˆ),Dissatisfaction,Negative Emotions
(ï¼ƒ`Ğ”Â´),Anger,Negative Emotions
(`çš¿Â´ï¼ƒ),Anger,Negative Emotions
( ` Ï‰ Â´ ),Anger,Negative Emotions
ãƒ½( `Ğ´Â´*)ãƒ,Anger,Negative Emotions
(ãƒ»`Ï‰Â´ãƒ»),Anger,Negative Emotions
(`ãƒ¼Â´),Anger,Negative Emotions
ãƒ½(`âŒ’Â´ãƒ¡)ãƒ,Anger,Negative Emotions
å‡¸(`â–³Â´ï¼ƒ),Anger,Negative Emotions
( `ÎµÂ´ ),Anger,Negative Emotions
Ïˆ( ` âˆ‡ Â´ )Ïˆ,Anger,Negative Emotions
ãƒ¾(`ãƒ˜Â´)ï¾‰ï¾,Anger,Negative Emotions
ãƒ½(â€µï¹Â´)ãƒ,Anger,Negative Emotions
(ï¾’` ï¾› Â´),Anger,Negative Emotions
(â•¬`ç›ŠÂ´),Anger,Negative Emotions
â”Œâˆ©â”(â—£_â—¢)â”Œâˆ©â”,Anger,Negative Emotions
å‡¸( ` ï¾› Â´ )å‡¸,Anger,Negative Emotions
Î£(â–¼â–¡â–¼ãƒ¡),Anger,Negative Emotions
(Â°ã…‚Â°â•¬),Anger,Negative Emotions
Ïˆ(â–¼ã¸â–¼ãƒ¡)ï½â†’,Anger,Negative Emotions
(ãƒÂ°ç›ŠÂ°)ãƒ,Anger,Negative Emotions
(Ò‚ `Ğ·Â´ ),Anger,Negative Emotions
(â€¡â–¼ç›Šâ–¼),Anger,Negative Emotions
(Ò‚` ï¾› Â´)å‡¸,Anger,Negative Emotions
((â•¬â—£ï¹â—¢)),Anger,Negative Emotions
Ù©(â•¬Ê˜ç›ŠÊ˜â•¬)Û¶,Anger,Negative Emotions
(â•¬ Ã’ï¹Ã“),Anger,Negative Emotions
ï¼¼ï¼¼Ù©(à¹‘`^Â´à¹‘)Û¶ï¼ï¼,Anger,Negative Emotions
(å‡¸à² ç›Šà² )å‡¸,Anger,Negative Emotions
â†‘_(Î¦wÎ¦)Î¨,Anger,Negative Emotions
â†~(Î¨â–¼ï½°â–¼)âˆˆ,Anger,Negative Emotions
à­§((#Î¦ç›ŠÎ¦#))à­¨,Anger,Negative Emotions
Ù©(à° ç›Šà° )Û¶,Anger,Negative Emotions
(ï¾‰à²¥ç›Šà²¥)ï¾‰,Anger,Negative Emotions
(â‰–ï½¤â‰–â•¬),Anger,Negative Emotions
(ãƒ_<ã€‚),Sadness,Negative Emotions
(-_-),Sadness,Negative Emotions
(Â´-Ï‰-`),Sadness,Negative Emotions
.ï½¥ï¾Ÿï¾Ÿï½¥(ï¼Ï‰ï¼¼)ï½¥ï¾Ÿï¾Ÿï½¥.,Sadness,Negative Emotions
(Î¼_Î¼),Sadness,Negative Emotions
(ï¾‰Ğ”`),Sadness,Negative Emotions
(-Ï‰-ã€),Sadness,Negative Emotions
ã€‚ã‚œã‚œ(Â´ï¼¯`) ã‚œã‚œã€‚,Sadness,Negative Emotions
o(Tãƒ˜To),Sadness,Negative Emotions
( ; Ï‰ ; ),Sadness,Negative Emotions
(ï½¡â•¯ï¸µâ•°ï½¡),Sadness,Negative Emotions
ï½¡ï½¥ï¾Ÿï¾Ÿ*(>Ğ´<)*ï¾Ÿï¾Ÿï½¥ï½¡,Sadness,Negative Emotions
( ï¾Ÿï¼Œ_ã‚ï½€),Sadness,Negative Emotions
(ä¸ª_ä¸ª),Sadness,Negative Emotions
"(â•¯ï¸µâ•°,)",Sadness,Negative Emotions
ï½¡ï½¥ï¾Ÿ(ï¾Ÿ><ï¾Ÿ)ï¾Ÿï½¥ï½¡,Sadness,Negative Emotions
( â•¥Ï‰â•¥ ),Sadness,Negative Emotions
(â•¯_â•°),Sadness,Negative Emotions
(â•¥_â•¥),Sadness,Negative Emotions
.ï½¡ï½¥ï¾Ÿï¾Ÿï½¥(ï¼_ï¼œ)ï½¥ï¾Ÿï¾Ÿï½¥ï½¡.,Sadness,Negative Emotions
(ï¼Ëãƒ»ã€),Sadness,Negative Emotions
(ãƒ_<ã€),Sadness,Negative Emotions
(â•¥ï¹â•¥),Sadness,Negative Emotions
ï½¡ï¾Ÿ(ï½¡ï¾‰Ï‰ãƒ½ï½¡)ï¾Ÿï½¡,Sadness,Negative Emotions
(ã¤Ï‰`ï½¡),Sadness,Negative Emotions
(ï½¡T Ï‰ Tï½¡),Sadness,Negative Emotions
(ï¾‰Ï‰ï½¥ï½¤),Sadness,Negative Emotions
ï½¥ï¾Ÿï½¥(ï½¡>Ï‰<ï½¡)ï½¥ï¾Ÿï½¥,Sadness,Negative Emotions
(T_T),Sadness,Negative Emotions
(>_<),Sadness,Negative Emotions
(ã£Ë˜Ì©â•­â•®Ë˜Ì©)ã£,Sadness,Negative Emotions
ï½¡ï¾Ÿï½¥ (>ï¹<) ï½¥ï¾Ÿï½¡,Sadness,Negative Emotions
o(ã€’ï¹ã€’)o,Sadness,Negative Emotions
(ï½¡â€¢Ìï¸¿â€¢Ì€ï½¡),Sadness,Negative Emotions
(à²¥ï¹à²¥),Sadness,Negative Emotions
(à²¡â€¸à²¡),Sadness,Negative Emotions
~(>_<~),Pain,Negative Emotions
â˜†âŒ’(> _ <),Pain,Negative Emotions
â˜†âŒ’(>ã€‚<),Pain,Negative Emotions
(â˜†_@),Pain,Negative Emotions
(Ã—_Ã—),Pain,Negative Emotions
(x_x),Pain,Negative Emotions
(Ã—_Ã—)âŒ’â˜†,Pain,Negative Emotions
(x_x)âŒ’â˜†,Pain,Negative Emotions
(Ã—ï¹Ã—),Pain,Negative Emotions
â˜†(ï¼ƒÃ—Ã—),Pain,Negative Emotions
(ï¼‹_ï¼‹),Pain,Negative Emotions
[ Â± _ Â± ],Pain,Negative Emotions
Ù©(Ã— Ã—)Û¶,Pain,Negative Emotions
_:(Â´à½€`ã€ âˆ ):_,Pain,Negative Emotions
(ï¾’ï¹ï¾’),Pain,Negative Emotions
(ãƒÏ‰ãƒ½),Fear,Negative Emotions
(ï¼ã€‚ï¼¼),Fear,Negative Emotions
(ï¾‰_ãƒ½),Fear,Negative Emotions
..ãƒ»ãƒ¾(ã€‚ï¼ï¼œ)ã‚·,Fear,Negative Emotions
(â€³ãƒ­ã‚›),Fear,Negative Emotions
(;;;*_*),Fear,Negative Emotions
(ãƒ»äººãƒ»),Fear,Negative Emotions
ï¼¼(ã€‡_ï½)ï¼,Fear,Negative Emotions
(/Ï‰ï¼¼),Fear,Negative Emotions
(/_ï¼¼),Fear,Negative Emotions
ã€œ(ï¼ï¼œ)ã€œ,Fear,Negative Emotions
Î£(Â°â–³Â°|||)ï¸´,Fear,Negative Emotions
(((ï¼ï¼œ))),Fear,Negative Emotions
{{ (>_<) }},Fear,Negative Emotions
ï¼¼(Âº â–¡ Âº l|l)/,Fear,Negative Emotions
ã€£( ÂºÎ”Âº )ã€£,Fear,Negative Emotions
â–“â–’â–‘(Â°â—¡Â°)â–‘â–’â–“,Fear,Negative Emotions
(Â°â–¡Â°;),Fear,Negative Emotions
Î£(Â°ãƒ­Â°)!!!,Fear,Negative Emotions
ãƒ½(ãƒ¼_ãƒ¼ )ãƒ,Indifference,Neutral Emotions
ãƒ½(Â´ãƒ¼` )â”Œ,Indifference,Neutral Emotions
â”(â€˜ï½` )â”Œ,Indifference,Neutral Emotions
ãƒ½(ã€€ï¿£Ğ´ï¿£)ãƒ,Indifference,Neutral Emotions
â”(ï¿£ãƒ˜ï¿£)â”Œ,Indifference,Neutral Emotions
ãƒ½(ï¿£ï½ï¿£ã€€)ãƒ,Indifference,Neutral Emotions
â•®(ï¿£_ï¿£)â•­,Indifference,Neutral Emotions
ãƒ½(Ë‡ãƒ˜Ë‡)ãƒ,Indifference,Neutral Emotions
â”(ï¿£ï½ï¿£)â”Œ,Indifference,Neutral Emotions
â”(ï¸¶â–½ï¸¶)â”Œ,Indifference,Neutral Emotions
â•®(ï¿£ï½ï¿£)â•­,Indifference,Neutral Emotions
Â¯\_(ãƒ„)_/Â¯,Indifference,Neutral Emotions
â”( Â´ Ğ´ ` )â”Œ,Indifference,Neutral Emotions
â•®(ï¸¶ï¸¿ï¸¶)â•­,Indifference,Neutral Emotions
â”(ï¿£âˆ€ï¿£)â”Œ,Indifference,Neutral Emotions
â”( Ë˜ ï½¤ Ë˜ )â”Œ,Indifference,Neutral Emotions
â•®(ï¸¶â–½ï¸¶)â•­,Indifference,Neutral Emotions
â•®( Ë˜ ï½¤ Ë˜ )â•­,Indifference,Neutral Emotions
â”( Ë˜_Ë˜ )â”Œ,Indifference,Neutral Emotions
â•®( Ë˜_Ë˜ )â•­,Indifference,Neutral Emotions
â”(ï¿£ãƒ®ï¿£)â”Œ,Indifference,Neutral Emotions
á••( á› )á•—,Indifference,Neutral Emotions
â”(ã‚·)â”Œ,Indifference,Neutral Emotions
(ï¿£Ï‰ï¿£;),Confusion,Neutral Emotions
Ïƒ(ï¿£ã€ï¿£ã€ƒ),Confusion,Neutral Emotions
(ï¿£ï½ï¿£;),Confusion,Neutral Emotions
(-_-;)ãƒ»ãƒ»ãƒ»,Confusion,Neutral Emotions
â”('ï½`;)â”Œ,Confusion,Neutral Emotions
(ãƒ»_ãƒ»ãƒ¾,Confusion,Neutral Emotions
(ã€ƒï¿£Ï‰ï¿£ã€ƒã‚,Confusion,Neutral Emotions
â”(ï¿£ãƒ˜ï¿£;)â”Œ,Confusion,Neutral Emotions
(ãƒ»_ãƒ»;),Confusion,Neutral Emotions
(ï¿£_ï¿£)ãƒ»ãƒ»ãƒ»,Confusion,Neutral Emotions
â•®(ï¿£Ï‰ï¿£;)â•­,Confusion,Neutral Emotions
(Â¯ . Â¯;),Confusion,Neutral Emotions
(ï¼ _ï¼ ),Confusion,Neutral Emotions
(ãƒ»ãƒ»;)ã‚,Confusion,Neutral Emotions
Î£(ï¿£ã€‚ï¿£ï¾‰),Confusion,Neutral Emotions
(ãƒ»ãƒ» ) ?,Confusion,Neutral Emotions
(â€¢à¸´_â€¢à¸´)?,Confusion,Neutral Emotions
(â— â—)ã‚,Confusion,Neutral Emotions
(ãƒ¼ãƒ¼;),Confusion,Neutral Emotions
áƒš(à² _à²  áƒš),Confusion,Neutral Emotions
"áƒš(Â¯ãƒ­Â¯""áƒš)",Confusion,Neutral Emotions
(Â¯ . Â¯Ù¥),Confusion,Neutral Emotions
(Â¯  Â¯Ù¥),Confusion,Neutral Emotions
(ãƒ»ãƒ»?),Confusion,Neutral Emotions
(??_??),Confusion,Neutral Emotions
(âŠ™.âŠ™)?,Confusion,Neutral Emotions
(ï¿¢_ï¿¢),Doubt,Neutral Emotions
(â†’_â†’),Doubt,Neutral Emotions
(ï¿¢ ï¿¢),Doubt,Neutral Emotions
(Â¬_Â¬ ),Doubt,Neutral Emotions
(â†_â†),Doubt,Neutral Emotions
(Â¬ Â¬ ),Doubt,Neutral Emotions
(â†¼_â†¼),Doubt,Neutral Emotions
(â‡€_â‡€),Doubt,Neutral Emotions
(á“€ á“€),Doubt,Neutral Emotions
(â€Â¬á´—Â¬â€),Doubt,Neutral Emotions
w(Â°ï½Â°)w,Surprise,Neutral Emotions
ãƒ½(Â°ã€‡Â°)ï¾‰,Surprise,Neutral Emotions
Î£(O_O),Surprise,Neutral Emotions
Î£(Â°ãƒ­Â°),Surprise,Neutral Emotions
(âŠ™_âŠ™),Surprise,Neutral Emotions
(o_O),Surprise,Neutral Emotions
(O_O;),Surprise,Neutral Emotions
(O.O),Surprise,Neutral Emotions
(Â°ãƒ­Â°) !,Surprise,Neutral Emotions
(o_O) !,Surprise,Neutral Emotions
(â–¡_â–¡),Surprise,Neutral Emotions
Î£(â–¡_â–¡),Surprise,Neutral Emotions
âˆ‘(O_O;),Surprise,Neutral Emotions
( : à±¦ â€¸ à±¦ : ),Surprise,Neutral Emotions
(*ãƒ»Ï‰ãƒ»)ï¾‰,Greeting,Various Actions
(ï¿£â–½ï¿£)ãƒ,Greeting,Various Actions
(Â°â–½Â°)/,Greeting,Various Actions
( Â´ âˆ€ ` )ï¾‰,Greeting,Various Actions
(^-^*)/,Greeting,Various Actions
(ï¼ Â´ãƒ¼`)ï¾‰ï¾,Greeting,Various Actions
(Â´â€¢ Ï‰ â€¢`)ï¾‰,Greeting,Various Actions
( Â° âˆ€ Â° )ï¾‰ï¾,Greeting,Various Actions
ãƒ¾(*'â–½'*),Greeting,Various Actions
ï¼¼(âŒ’â–½âŒ’),Greeting,Various Actions
ãƒ¾(â˜†â–½â˜†),Greeting,Various Actions
( Â´ â–½ ` )ï¾‰,Greeting,Various Actions
(^ï¼^)ãƒ,Greeting,Various Actions
~ãƒ¾(ãƒ»Ï‰ãƒ»),Greeting,Various Actions
(ãƒ»âˆ€ãƒ»)ãƒ,Greeting,Various Actions
ãƒ¾(ãƒ»Ï‰ãƒ»*),Greeting,Various Actions
(*Â°ï½°Â°)ï¾‰,Greeting,Various Actions
(ãƒ»_ãƒ»)ãƒ,Greeting,Various Actions
(oÂ´Ï‰`o)ï¾‰,Greeting,Various Actions
( Â´ â–½ ` )/,Greeting,Various Actions
(ï¿£Ï‰ï¿£)/,Greeting,Various Actions
( Â´ Ï‰ ` )ãƒï¾,Greeting,Various Actions
(âŒ’Ï‰âŒ’)ï¾‰,Greeting,Various Actions
(o^ ^o)/,Greeting,Various Actions
(â‰§â–½â‰¦)/,Greeting,Various Actions
(âœ§âˆ€âœ§)/,Greeting,Various Actions
(oÂ´â–½`o)ï¾‰,Greeting,Various Actions
(ï¿£â–½ï¿£)/,Greeting,Various Actions
(ã¥ï¿£ Â³ï¿£)ã¥,Hugging,Various Actions
(ã¤â‰§â–½â‰¦)ã¤,Hugging,Various Actions
(ã¤âœ§Ï‰âœ§)ã¤,Hugging,Various Actions
(ã¥ â—•â€¿â—• )ã¥,Hugging,Various Actions
(âŠƒï½¡â€¢Ìâ€¿â€¢Ì€ï½¡)âŠƒ,Hugging,Various Actions
(ã¤ . â€¢Ì _Ê– â€¢Ì€ .)ã¤,Hugging,Various Actions
(ã£à² â€¿à² )ã£,Hugging,Various Actions
(ã¥â—¡ï¹â—¡)ã¥,Hugging,Various Actions
âŠ‚(Â´â€¢ Ï‰ â€¢`âŠ‚),Hugging,Various Actions
âŠ‚(ï½¥Ï‰ï½¥*âŠ‚),Hugging,Various Actions
âŠ‚(ï¿£â–½ï¿£)âŠƒ,Hugging,Various Actions
âŠ‚( Â´ â–½ ` )âŠƒ,Hugging,Various Actions
( ~*-*)~,Hugging,Various Actions
(ãƒ= â©Š = )ãƒ,Hugging,Various Actions
(ã£ áµ”â—¡áµ”)ã£,Hugging,Various Actions
(ã£â•¹á†ºâ•¹)ã£,Hugging,Various Actions
(^_~),Winking,Various Actions
( ï¾Ÿï½âŒ’),Winking,Various Actions
(^_-)â‰¡â˜†,Winking,Various Actions
(^Ï‰~),Winking,Various Actions
(>Ï‰^),Winking,Various Actions
(~äºº^),Winking,Various Actions
(^_-),Winking,Various Actions
( -_ãƒ»),Winking,Various Actions
(^_<)ã€œâ˜†,Winking,Various Actions
(^äºº<)ã€œâ˜†,Winking,Various Actions
â˜†âŒ’(â‰§â–½â€‹Â° ),Winking,Various Actions
â˜†âŒ’(ã‚ã€‚âˆ‚),Winking,Various Actions
(^_<),Winking,Various Actions
(^_âˆ’)â˜†,Winking,Various Actions
(ï½¥Ï‰<)â˜†,Winking,Various Actions
(^.~)â˜†,Winking,Various Actions
(^.~),Winking,Various Actions
(ï½¡â€¢Ì€á´—-)âœ§,Winking,Various Actions
(>á´—â€¢),Winking,Various Actions
â˜†(>á´—â€¢),Winking,Various Actions
m(_ _)m,Apologizing,Various Actions
(ã‚·_ _)ã‚·,Apologizing,Various Actions
m(. .)m,Apologizing,Various Actions
<(_ _)>,Apologizing,Various Actions
äºº(_ _*),Apologizing,Various Actions
(*_ _)äºº,Apologizing,Various Actions
m(_ _;m),Apologizing,Various Actions
(m;_ _)m,Apologizing,Various Actions
(ã‚·. .)ã‚·,Apologizing,Various Actions
(*ï¿£iiï¿£),Nosebleeding,Various Actions
(ï¿£ï¾Šï¿£*),Nosebleeding,Various Actions
\(ï¿£ï¾Šï¿£),Nosebleeding,Various Actions
(ï¼¾à¼‹à¼ï¼¾),Nosebleeding,Various Actions
(ï¼¾ã€ƒï¼¾),Nosebleeding,Various Actions
(ï¿£ Â¨ãƒ½ï¿£),Nosebleeding,Various Actions
(ï¿£ ;ï¿£),Nosebleeding,Various Actions
(ï¿£ ;;ï¿£),Nosebleeding,Various Actions
|ï½¥Ï‰ï½¥),Hiding,Various Actions
ï¾(ï½¥_|,Hiding,Various Actions
|Ï‰ï½¥)ï¾‰,Hiding,Various Actions
ãƒ¾(ï½¥|,Hiding,Various Actions
|Ğ´ï½¥),Hiding,Various Actions
|_ï¿£)),Hiding,Various Actions
|â–½//),Hiding,Various Actions
â”¬â”´â”¬â”´â”¤(ï½¥_â”œâ”¬â”´â”¬â”´,Hiding,Various Actions
â”¬â”´â”¬â”´â”¤ï½¥Ï‰ï½¥)ï¾‰,Hiding,Various Actions
â”¬â”´â”¬â”´â”¤( Í¡Â° ÍœÊ–â”œâ”¬â”´â”¬â”´,Hiding,Various Actions
|_ãƒ»),Hiding,Various Actions
|ï½¥Ğ´ï½¥)ï¾‰,Hiding,Various Actions
|Ê˜â€¿Ê˜)â•¯,Hiding,Various Actions
__Ï†(ï¼ï¼),Writing,Various Actions
( ï¿£ãƒ¼ï¿£)Ï†__,Writing,Various Actions
__Ï†(ã€‚ã€‚),Writing,Various Actions
__Ï†(ï¼ï¼;),Writing,Various Actions
ãƒ¾( `ãƒ¼Â´)ã‚·Ï†__,Writing,Various Actions
__ã€†(ï¿£ãƒ¼ï¿£ ),Writing,Various Actions
....Ï†(ãƒ»âˆ€ãƒ»*),Writing,Various Actions
___ã€†(ãƒ»âˆ€ãƒ»),Writing,Various Actions
( ^â–½^)Ïˆ__,Writing,Various Actions
....Ï†(ï¸¶â–½ï¸¶)Ï†....,Writing,Various Actions
( . .)Ï†__,Writing,Various Actions
__Ï†(â—â—ãƒ˜),Writing,Various Actions
â˜†ï¾(o*ï½¥Ï‰ï½¥)ï¾‰,Running,Various Actions
C= C= C= C= C=â”Œ(;ãƒ»Ï‰ãƒ»)â”˜,Running,Various Actions
â”€=â‰¡Î£((( ã¤ï¼ï¼œ)ã¤,Running,Various Actions
Îµ=Îµ=Îµ=Îµ=â”Œ(;ï¿£â–½ï¿£)â”˜,Running,Various Actions
Îµ=Îµ=â”Œ( >_<)â”˜,Running,Various Actions
C= C= C= C=â”Œ( `ãƒ¼Â´)â”˜,Running,Various Actions
Îµ===(ã£â‰§Ï‰â‰¦)ã£,Running,Various Actions
ãƒ½(ï¿£Ğ´ï¿£;)ãƒ=3=3=3,Running,Various Actions
ã€‚ã€‚ã€‚ãƒŸãƒ½(ã€‚ï¼ï¼œ)ãƒ,Running,Various Actions
[(ï¼ï¼)]..zzZ,Sleeping,Various Actions
(ï¼_ï¼) zzZ,Sleeping,Various Actions
(âˆªï½¡âˆª)ï½¡ï½¡ï½¡zzZ,Sleeping,Various Actions
(ï¼Ï‰ï¼) zzZ,Sleeping,Various Actions
(ï¿£oï¿£) zzZZzzZZ,Sleeping,Various Actions
(( _ _ ))..zzzZZ,Sleeping,Various Actions
(ï¿£Ïï¿£)..zzZZ,Sleeping,Various Actions
(ï¼.ï¼)...zzz,Sleeping,Various Actions
(ï¼¿ ï¼¿*) Z z z,Sleeping,Various Actions
(x . x) ~~zzZ,Sleeping,Various Actions
(=^ï½¥Ï‰ï½¥^=),Cat,Animals
(=^ï½¥ï½ªï½¥^=),Cat,Animals
(=â‘ Ï‰â‘ =),Cat,Animals
( =Ï‰=)..nyaa,Cat,Animals
(= ; ï½ª ; =),Cat,Animals
(=`Ï‰Â´=),Cat,Animals
(=^â€¥^=),Cat,Animals
( =ãƒÏ‰ãƒ½=),Cat,Animals
(=âŒ’â€¿â€¿âŒ’=),Cat,Animals
(=^ â—¡ ^=),Cat,Animals
(=^-Ï‰-^=),Cat,Animals
ãƒ¾(=`Ï‰Â´=)ãƒâ€,Cat,Animals
(ï¼¾â€¢ Ï‰ â€¢ï¼¾),Cat,Animals
(/ =Ï‰=)/,Cat,Animals
à¸…(â€¢ã……â€¢â€)à¸…,Cat,Animals
à¸…(â€¢ Éª â€¢)à¸…,Cat,Animals
à¬²(â“› Ï‰ â“›)à¬²,Cat,Animals
(^=â—•á´¥â—•=^),Cat,Animals
( =Ï‰= ),Cat,Animals
(^Ëµâ—•Ï‰â—•Ëµ^),Cat,Animals
(^â—”á´¥â—”^),Cat,Animals
(^â—•á´¥â—•^),Cat,Animals
à¸•(=Ï‰=)à¸•,Cat,Animals
( Î¦ Ï‰ Î¦ ),Cat,Animals
à¸…(^â—•á´¥â—•^)à¸…,Cat,Animals
( Â´(ï½´)Ë‹ ),Bear,Animals
(*ï¿£(ï½´)ï¿£*),Bear,Animals
ãƒ½(ï¿£(ï½´)ï¿£)ï¾‰,Bear,Animals
(ï¼ï¿£(ï½´)ï¿£)ï¼,Bear,Animals
(ï¿£(ï½´)ï¿£),Bear,Animals
ãƒ½( Ë‹(ï½´)Â´ )ï¾‰,Bear,Animals
âŠ‚(ï¿£(ï½´)ï¿£)âŠƒ,Bear,Animals
(ï¼(ï½´)ï¼¼),Bear,Animals
âŠ‚(Â´(ã‚§)Ë‹)âŠƒ,Bear,Animals
(/-(ï½´)-ï¼¼),Bear,Animals
(/Â°(ï½´)Â°)/,Bear,Animals
Ê• â€¢Ì€ Ï‰ â€¢Ì Ê”,Bear,Animals
âˆªï½¥Ï‰ï½¥âˆª,Dog,Animals
âˆªï½¥ï½ªï½¥âˆª,Dog,Animals
ï¼µ^çš¿^ï¼µ,Dog,Animals
U^ï½ª^U,Dog,Animals
ï¼(â‰§ x â‰¦)ï¼¼,Rabbit,Animals
ï¼(ï½¥ Ã— ï½¥)ï¼¼,Rabbit,Animals
ï¼(=Â´x`=)ï¼¼,Rabbit,Animals
ï¼(^ x ^)ï¼¼,Rabbit,Animals
ï¼(=ï½¥ x ï½¥=)ï¼¼,Rabbit,Animals
ï¼(^ Ã— ^)ï¼¼,Rabbit,Animals
ï¼(ï¼Ã—ï¼œ)ï¼¼,Rabbit,Animals
ï¼(Ëƒá†ºË‚)ï¼¼,Rabbit,Animals
( Â´(00)Ë‹ ),Pig,Animals
(ï¿£(Ï‰)ï¿£),Pig,Animals
ãƒ½( Ë‹(00)Â´ )ãƒ,Pig,Animals
( Â´(oo)Ë‹ ),Pig,Animals
ï¼¼(ï¿£(oo)ï¿£)ï¼,Pig,Animals
ï½¡ï¾Ÿ(ï¾ŸÂ´(00)`ï¾Ÿ)ï¾Ÿï½¡,Pig,Animals
(ï¿£(00)ï¿£),Pig,Animals
(Ë†(oo)Ë†),Pig,Animals
(ï¿£Î˜ï¿£),Bird,Animals
(`ï½¥Î˜ï½¥Â´),Bird,Animals
( Ë‹ Î˜ Â´ ),Bird,Animals
(â—‰Î˜â—‰),Bird,Animals
ï¼¼( Ë‹ Î˜ Â´ )ï¼,Bird,Animals
(ï½¥Î¸ï½¥),Bird,Animals
(ãƒ»Î˜ãƒ»),Bird,Animals
ãƒ¾(ï¿£â—‡ï¿£)ãƒã€ƒ,Bird,Animals
(ï½¥Î˜ï½¥),Bird,Animals
(Â°)#))<<,Fish,Animals
<ãƒ» )))><<,Fish,Animals
Î¶Â°)))å½¡,Fish,Animals
>Â°))))å½¡,Fish,Animals
(Â°))<<,Fish,Animals
>^)))<ï½ï½,Fish,Animals
â‰§( Â° Â° )â‰¦,Fish,Animals
/â•²/\â•­(à° à° ç›Šà° à° )â•®/\â•±\,Spider,Animals
/â•²/\â•­(à²°à²°âŒ“à²°à²°)â•®/\â•±\,Spider,Animals
/â•²/\â•­( Í¡Â°Í¡Â° ÍœÊ– Í¡Â°Í¡Â°)â•®/\â•±\,Spider,Animals
/â•²/\( â€¢Ì€ Ï‰ â€¢Ì )/\â•±\,Spider,Animals
ãƒ¾(ãƒ»Ï‰ãƒ»)ãƒ¡(ãƒ»Ï‰ãƒ»)ãƒ,Friends,Other Types
ãƒ½(âˆ€Â° )äºº( Â°âˆ€)ãƒ,Friends,Other Types
ãƒ½( âŒ’oâŒ’)äºº(âŒ’-âŒ’ )ï¾‰,Friends,Other Types
(*^Ï‰^)å…«(âŒ’â–½âŒ’)å…«(-â€¿â€¿- )ãƒ½,Friends,Other Types
ï¼¼(ï¼¾âˆ€ï¼¾)ãƒ¡(ï¼¾âˆ€ï¼¾)ãƒ,Friends,Other Types
ãƒ¾(ï¿£ãƒ¼ï¿£(â‰§Ï‰â‰¦*)ã‚,Friends,Other Types
ãƒ½( âŒ’Ï‰âŒ’)äºº(=^â€¥^= )ï¾‰,Friends,Other Types
ãƒ½(â‰§â—¡â‰¦)å…«(o^ ^o)ãƒ,Friends,Other Types
(*ãƒ»âˆ€ãƒ»)çˆ»(ãƒ»âˆ€ãƒ»*),Friends,Other Types
ï½¡*:â˜†(ãƒ»Ï‰ãƒ»äººãƒ»Ï‰ãƒ»)ï½¡:ã‚œâ˜†ï½¡,Friends,Other Types
o(^^o)(o^^o)(o^^o)(o^^)o,Friends,Other Types
(((ï¿£(ï¿£(ï¿£â–½ï¿£)ï¿£)ï¿£))),Friends,Other Types
(Â°(Â°Ï‰(Â°Ï‰Â°(â˜†Ï‰â˜†)Â°Ï‰Â°)Ï‰Â°)Â°),Friends,Other Types
ãƒ¾(ãƒ»Ï‰ãƒ»`)ãƒãƒ¾(Â´ãƒ»Ï‰ãƒ»)ãƒã‚›,Friends,Other Types
Î¨( `âˆ€)(âˆ€Â´ )Î¨,Friends,Other Types
(ã£Ë˜â–½Ë˜)(Ë˜â–½Ë˜)Ë˜â–½Ë˜Ï‚),Friends,Other Types
(((*Â°â–½Â°*)å…«(*Â°â–½Â°*))),Friends,Other Types
â˜†ãƒ¾(*Â´ãƒ»âˆ€ãƒ»)ï¾‰ãƒ¾(ãƒ»âˆ€ãƒ»`*)ï¾‰â˜†,Friends,Other Types
(*ï¼¾Ï‰ï¼¾)äºº(ï¼¾Ï‰ï¼¾*),Friends,Other Types
Ù©(à¹‘ï½¥à¸´á´—ï½¥à¸´)Û¶Ù©(ï½¥à¸´á´—ï½¥à¸´à¹‘)Û¶,Friends,Other Types
(â˜Â°ãƒ®Â°)â˜ â˜œ(Â°ãƒ®Â°â˜œ),Friends,Other Types
ï¼¼(â–½ï¿£ \ (ï¿£â–½ï¿£) / ï¿£â–½)ï¼,Friends,Other Types
\( Ë™â–¿Ë™ )/\( Ë™â–¿Ë™ )/,Friends,Other Types
ãƒ½( ï½¥âˆ€ï½¥)ï¾‰_Î¸å½¡â˜†Î£(ãƒ `Ğ”Â´)ãƒ,Enemies,Other Types
(*Â´âˆ‡`)â”ŒÎ¸â˜†(ï¾‰>_<)ï¾‰,Enemies,Other Types
( ï¿£Ï‰ï¿£)ãƒï¾âŒ’â˜†ï¾(o _ _)o,Enemies,Other Types
(*`0Â´)Î¸â˜†(ãƒ¡Â°çš¿Â°)ï¾‰,Enemies,Other Types
(oÂ¬â€¿Â¬o )...â˜†ï¾(*x_x),Enemies,Other Types
(â•¬ï¿£çš¿ï¿£)=â—‹ï¼ƒ(ï¿£#)ï¼“ï¿£),Enemies,Other Types
(; -_-)â€•â€•â€•â€•â€•â€•C<â€•_-),Enemies,Other Types
ï¼œ( ï¿£ï¸¿ï¿£)ï¸µÎ¸ï¸µÎ¸ï¸µâ˜†(ï¼å£ï¼œï¼),Enemies,Other Types
(ï¿£Îµ(#ï¿£)â˜†â•°â•®o(ï¿£â–½ï¿£///),Enemies,Other Types
ãƒ½(>_<ãƒ½) â€•âŠ‚|=0ãƒ˜(^â€¿^ ),Enemies,Other Types
ãƒ˜(>_<ãƒ˜) ï¿¢o(ï¿£â€¿ï¿£ï¾’),Enemies,Other Types
",,((( ï¿£â–¡)_ï¼ ï¼¼_(â—‹ï¿£ ))),,",Enemies,Other Types
(Ò‚` ï¾› Â´)ï¸»ãƒ‡â•ä¸€ ï¼¼(Âº â–¡ Âº l|l)/,Enemies,Other Types
(â•¯Â°Ğ”Â°)â•¯ï¸µ /(.â–¡ . ï¼¼),Enemies,Other Types
(Â¬_Â¬'')Ô…(ï¿£Îµï¿£Ô…),Enemies,Other Types
/( .â–¡.)ï¼¼ ï¸µâ•°(Â°ç›ŠÂ°)â•¯ï¸µ /(.â–¡. /),Enemies,Other Types
(ï¾‰-.-)ï¾‰â€¦.((((((((((((â—~* ( >_<),Enemies,Other Types
!!(ï¾’ï¿£ ï¿£)_Î¸â˜†Â°0Â°)/,Enemies,Other Types
(`âŒ’*)O-(`âŒ’Â´Q),Enemies,Other Types
(((à¸‡â€™Ï‰â€™)Ùˆä¸‰ à¸‡â€™Ï‰â€™)Ú¡â‰¡ã€€â˜†âŒ’ï¾((x_x),Enemies,Other Types
(à¸‡à² _à² )à¸‡ã€€Ïƒ( â€¢Ì€ Ï‰ â€¢Ì Ïƒ),Enemies,Other Types
(ã£â€¢ï¹â€¢)ã£ âœ´==â‰¡ëˆˆÙ©(`çš¿Â´Ò‚)à¸‡,Enemies,Other Types
(ï½¢â€¢ Ï‰ â€¢)ï½¢ (âŒ’Ï‰âŒ’`),Enemies,Other Types
( Â°á´—Â°)~Ã° (/â›oâ›\),Enemies,Other Types
( ãƒ»âˆ€ãƒ»)ãƒ»ãƒ»ãƒ»--------â˜†,Weapons,Other Types
(/-_ãƒ»)/Dãƒ»ãƒ»ãƒ»ãƒ»ãƒ»------ â†’,Weapons,Other Types
(^Ï‰^)ãƒï¾(((((((((â—ï½*,Weapons,Other Types
( -Ï‰-)ï¼å ~~~~~,Weapons,Other Types
(/ãƒ»ãƒ»)ãƒã€€ã€€ (( ã ((ã¸,Weapons,Other Types
â€•âŠ‚|=0ãƒ˜(^^ ),Weapons,Other Types
â—‹âˆâˆâˆâˆãƒ½(^ãƒ¼^ ),Weapons,Other Types
(; ãƒ»_ãƒ»)â€•â€•â€•â€•C,Weapons,Other Types
(à²  o à² )Â¤=[]:::::>,Weapons,Other Types
(*ï¼¾ï¼¾)/~~~~~~~~~~â—,Weapons,Other Types
ï¿¢o(ï¿£-ï¿£ï¾’),Weapons,Other Types
â€•(T_T)â†’,Weapons,Other Types
((( ï¿£â–¡)_ï¼,Weapons,Other Types
(ï¾’` ï¾› Â´)ï¸»ãƒ‡â•ä¸€,Weapons,Other Types
( Â´-Ï‰ï½¥)ï¸»â”»â”³â•â•â”ä¸€,Weapons,Other Types
(ï¾’ï¿£â–½ï¿£)ï¸»â”³â•ä¸€,Weapons,Other Types
âœ´==â‰¡ëˆˆÙ©(`çš¿Â´Ò‚)à¸‡,Weapons,Other Types
Q(`âŒ’Â´Q),Weapons,Other Types
(ãƒ Ë˜_Ë˜)ãƒã€€Î¶|||Î¶ã€€Î¶|||Î¶ã€€Î¶|||Î¶,Magic,Other Types
(ï¾‰â‰§âˆ€â‰¦)ï¾‰ â€¥â€¦â”â”â”â˜…,Magic,Other Types
"(ï¾‰>Ï‰<)ï¾‰ :ï½¡ï½¥:*:ï½¥ï¾Ÿâ€™â˜…,ï½¡ï½¥:*:ï½¥ï¾Ÿâ€™â˜†",Magic,Other Types
(ãƒÂ°âˆ€Â°)ãƒâŒ’ï½¥*:.ï½¡. .ï½¡.:*ï½¥ã‚œï¾Ÿï½¥*â˜†,Magic,Other Types
â•°( Í¡Â° ÍœÊ– Í¡Â° )ã¤â”€â”€â˜†*:ãƒ»ï¾Ÿ,Magic,Other Types
(ï¼ƒï¿£â–¡ï¿£)oâ”âˆˆãƒ»ãƒ»â”â”â”â”â˜†,Magic,Other Types
(âŠƒï½¡â€¢Ìâ€¿â€¢Ì€ï½¡)âŠƒâ”âœ¿âœ¿âœ¿âœ¿âœ¿âœ¿,Magic,Other Types
(âˆ©á„‘_á„‘)âŠƒâ”â˜†ï¾Ÿ*ï½¥ï½¡*ï½¥:â‰¡( Îµ:),Magic,Other Types
(/ï¿£ãƒ¼ï¿£)/~~â˜†â€™.ï½¥.ï½¥:â˜…â€™.ï½¥.ï½¥:â˜†,Magic,Other Types
(âˆ©` ï¾› Â´)âŠƒâ”ç‚ç‚ç‚ç‚ç‚,Magic,Other Types
(ã£Ë˜Ú¡Ë˜Ï‚),Food,Other Types
( oË˜â—¡Ë˜o) â”Œiiiâ”,Food,Other Types
(ã€€â€™Ï‰â€™)æ—¦~~,Food,Other Types
( Ë˜â–½Ë˜)ã£â™¨,Food,Other Types
â™¨o(>_<)oâ™¨,Food,Other Types
( ãƒ»Ï‰ãƒ»)o-{{[ã€ƒ]}},Food,Other Types
(ã€€ãƒ»Ï‰ãƒ»)âŠƒ-[äºŒäºŒ],Food,Other Types
( ãƒ»ãƒ»)ã¤â€•{}@{}@{}-,Food,Other Types
( ãƒ»ãƒ»)ã¤-â—â—â—,Food,Other Types
(*Â´ãƒ¼`)æ—¦ æ—¦(ï¿£Ï‰ï¿£*),Food,Other Types
(*Â´Ğ·`)å£ï¾Ÿï½¡ï¾Ÿå£(ãƒ»âˆ€ãƒ» ),Food,Other Types
( o^ ^o)ä¸” ä¸”(Â´Ï‰`*),Food,Other Types
( ï¿£â–½ï¿£)[] [](â‰§â–½â‰¦ ),Food,Other Types
( *^^)oâˆ€*âˆ€o(^^* ),Food,Other Types
( ^^)_æ—¦~~ã€€ ~~U_(^^ ),Food,Other Types
(*ï¿£â–½ï¿£)æ—¦ ä¸”(Â´âˆ€`*),Food,Other Types
-â—â—â—-ï½ƒ(ãƒ»ãƒ» ),Food,Other Types
( ãƒ»ãƒ»)ã¤â€•â—â—‹â—-,Food,Other Types
(ï¿£ï¹ƒï¿£),Food,Other Types
(à¹‘áµ”â¤™áµ”à¹‘),Food,Other Types
(Â´áµ”â¤™áµ”`),Food,Other Types
ãƒ¾(Â´ã€‡`)ï¾‰â™ªâ™ªâ™ª,Music,Other Types
ãƒ˜(ï¿£Ï‰ï¿£ãƒ˜),Music,Other Types
(ã€œï¿£â–½ï¿£)ã€œ,Music,Other Types
ã€œ(ï¿£â–½ï¿£ã€œ),Music,Other Types
ãƒ½(oÂ´âˆ€`)ï¾‰â™ªâ™¬,Music,Other Types
(ï¾‰â‰§âˆ€â‰¦)ï¾‰,Music,Other Types
â™ªãƒ½(^^ãƒ½)â™ª,Music,Other Types
â™ª(/_ _ )/â™ª,Music,Other Types
â™ªâ™¬((dâŒ’Ï‰âŒ’b))â™¬â™ª,Music,Other Types
â””(ï¿£-ï¿£â””)),Music,Other Types
((â”˜ï¿£Ï‰ï¿£)â”˜,Music,Other Types
âˆš(ï¿£â€¥ï¿£âˆš),Music,Other Types
â””(ï¼¾ï¼¾)â”,Music,Other Types
â”Œ(ï¼¾ï¼¾)â”˜,Music,Other Types
ï¼¼(ï¿£â–½ï¿£)ï¼¼,Music,Other Types
ï¼(ï¿£â–½ï¿£)ï¼,Music,Other Types
(ï¿£â–½ï¿£)/â™«â€¢*Â¨*â€¢.Â¸Â¸â™ª,Music,Other Types
(^_^â™ª),Music,Other Types
(~Ë˜â–½Ë˜)~,Music,Other Types
~(Ë˜â–½Ë˜~),Music,Other Types
ãƒ¾(âŒâ– _â– )ãƒâ™ª,Music,Other Types
(ã€œï¿£â–³ï¿£)ã€œ,Music,Other Types
(~â€¾â–½â€¾)~,Music,Other Types
~(Ë˜â–½Ë˜)~,Music,Other Types
ä¹( â€¢ Ï‰ â€¢ä¹),Music,Other Types
(ï½¢â€¢ Ï‰ â€¢)ï½¢,Music,Other Types
â½â½â—( â€¢ Ï‰ â€¢ )â—œâ¾â¾,Music,Other Types
âœºâ—Ÿ( â€¢ Ï‰ â€¢ )â—âœº,Music,Other Types
â™¬â™«â™ªâ—–(â— o â—)â——â™ªâ™«â™¬,Music,Other Types
( Ë˜ ÉœË˜) â™¬â™ªâ™«,Music,Other Types
â™ªâ™ªâ™ª ãƒ½(Ë‡âˆ€Ë‡ )ã‚,Music,Other Types
(Ë‡â–½Ë‡)ãƒâ™ªâ™¬â™«,Music,Other Types
( ^^)p_____|_o____q(^^ ),Games,Other Types
(ï¼o^)/ Â°âŠ¥ ï¼¼(^oï¼¼),Games,Other Types
!(;ï¾Ÿoï¾Ÿ)o/ï¿£ï¿£ï¿£ï¿£ï¿£ï¿£ï¿£~ >ï¾Ÿ))))å½¡,Games,Other Types
ãƒ½(^o^)Ïâ”³â”»â”³Â°Ïƒ(^o^)ãƒ,Games,Other Types
(ï¼_^)ï¼ã€€ã€€â—ã€€ï¼¼(^_ï¼¼),Games,Other Types
"""( (â‰¡|â‰¡))_ï¼ ï¼¼_((â‰¡|â‰¡) )""",Games,Other Types
( ãƒ-_-)ãƒï¾_â–¡ VS â–¡_ãƒ¾(^-^ãƒ½),Games,Other Types
ãƒ½(ï¼›^ ^)ãƒï¾ ï¼ï¼ï¼...___ã€‡,Games,Other Types
(=O*_*)=O Q(*_*Q),Games,Other Types
Ğ®ã€€â—‹ä¸‰ã€€ï¼¼(ï¿£^ï¿£ï¼¼),Games,Other Types
(Ë™Ï‰Ë™)ğŸ®(Ë™âˆ€Ë™)ğŸ®,Games,Other Types
( Í¡Â° ÍœÊ– Í¡Â°),Faces,Other Types
( Í¡Â° Ê–Ì¯ Í¡Â°),Faces,Other Types
( Í Â° ÍŸÊ– Í¡Â°),Faces,Other Types
( Í¡áµ” ÍœÊ– Í¡áµ”),Faces,Other Types
( . â€¢Ì _Ê– â€¢Ì€ .),Faces,Other Types
( à°  ÍŸÊ– à° ),Faces,Other Types
( Í¡à²  Ê–Ì¯ Í¡à² ),Faces,Other Types
( à²  Ê–Ì¯ à² ),Faces,Other Types
( à²  ÍœÊ– à² ),Faces,Other Types
( à²¥ Ê–Ì¯ à²¥),Faces,Other Types
( Í¡â€¢ ÍœÊ– Í¡â€¢ ),Faces,Other Types
( ï½¥à¸´ ÍœÊ– ï½¥à¸´),Faces,Other Types
( Í¡  ÍœÊ– Í¡  ),Faces,Other Types
(â‰– ÍœÊ–â‰–),Faces,Other Types
(Ê˜ Ê–Ì¯ Ê˜),Faces,Other Types
(Ê˜ ÍŸÊ– Ê˜),Faces,Other Types
(Ê˜ ÍœÊ– Ê˜),Faces,Other Types
(;Â´à¼àº¶Ù¹à¼àº¶`),Faces,Other Types
Ù©(ËŠã€‡Ë‹*)Ùˆ,Special,Other Types
(ï¿£^ï¿£)ã‚,Special,Other Types
(ï¼â€¸áƒš),Special,Other Types
(â•¯Â°ç›ŠÂ°)â•¯å½¡â”»â”â”»,Special,Other Types
(â•®Â°-Â°)â•®â”³â”â”â”³ ( â•¯Â°â–¡Â°)â•¯ â”»â”â”â”»,Special,Other Types
â”¬â”€â”¬ãƒ( Âº _ Âºãƒ),Special,Other Types
(oT-T)å°¸,Special,Other Types
[Ì²Ì…$Ì²Ì…(Ì²Ì… Í¡Â° ÍœÊ– Í¡Â°Ì²Ì…)Ì²Ì…$Ì²Ì…],Special,Other Types
(à² _à² ),Special,Other Types
à±¦ï¼o ï½¡ (â€¾Ìã€‚â€¾Ì )y~~,Special,Other Types
(x(x_(x_x(O_o)x_x)_x)x),Special,Other Types
(ã€€ï½¥Ï‰ï½¥)â˜,Special,Other Types
(âŒâ– _â– ),Special,Other Types
(â—•â€¿â—•âœ¿),Special,Other Types
(ã€€ï¿£.)o-ã€€ã€€ã€ã€€TVã€€ã€‘,Special,Other Types
ï½€ã€ãƒ½ï½€ãƒ½ï½€ã€ãƒ½(ãƒï¼ï¼œ)ãƒ ï½€ã€ãƒ½ï½€â˜‚ãƒ½ï½€ã€ãƒ½,Special,Other Types
â€¿ï¸µâ€¿ï¸µâ€¿ï¸µâ€¿ãƒ½(Â°â–¡Â° )ãƒï¸µâ€¿ï¸µâ€¿ï¸µâ€¿ï¸µ,Special,Other Types
( â€¢ )( â€¢ )Ô…(â‰–â€¿â‰–Ô…),Special,Other Types
( ï¼¾â–½ï¼¾)ã£âœ‚â•°â‹ƒâ•¯,Special,Other Types
ã€œã€œ(ï¼ï¿£â–½)ï¼ã€€ã€œÑ„,Special,Other Types
à¬˜(à©­ËŠáµ•Ë‹)à©­* à©ˆâœ©â€§â‚ŠËš,Special,Other Types
à¬˜(à©­ËŠê’³â€‹Ë‹)à©­âœ§,Special,Other Types
_(:3 ã€âˆ )_,Special,Other Types
âˆ ( á› ã€âˆ )_,Special,Other Types
